title,price,date,link,long,lat,area
River Heights House for Sale! 720 Renfrew St.,479720.0,"Sun, 23 Jun 2019 00:46:34 CDT",https://www.kijiji.ca/v-house-for-sale/winnipeg/river-heights-house-for-sale-720-renfrew-st/1442671638,-97.2966831,49.8473774,Renfrew ST
River Heights House for Sale! 720 Renfrew St.,479720.0,"Sun, 23 Jun 2019 00:46:34 CDT",https://www.kijiji.ca/v-house-for-sale/winnipeg/river-heights-house-for-sale-720-renfrew-st/1442671638,-97.2966831,49.8473774,River Heights
Beautiful Duplex in Crescentwood! 719 Scotland Ave.,515000.0,"Sun, 23 Jun 2019 00:45:41 CDT",https://www.kijiji.ca/v-house-for-sale/winnipeg/beautiful-duplex-in-crescentwood-719-scotland-ave/1442671600,-97.2966831,49.8473774,Scotland AVE
Beautiful Duplex in Crescentwood! 719 Scotland Ave.,515000.0,"Sun, 23 Jun 2019 00:45:41 CDT",https://www.kijiji.ca/v-house-for-sale/winnipeg/beautiful-duplex-in-crescentwood-719-scotland-ave/1442671600,-97.2966831,49.8473774,Crescentwood
Charming Fort Rogue House! 695 Jubilee Ave.,234695.0,"Sun, 23 Jun 2019 02:51:31 CDT",https://www.kijiji.ca/v-house-for-sale/winnipeg/charming-fort-rogue-house-695-jubilee-ave/1442675042,-97.2966831,49.8473774,Jubilee AVE
Calling all Builders! 116 Imperial Ave.,229900.0,"Sun, 23 Jun 2019 02:56:19 CDT",https://www.kijiji.ca/v-house-for-sale/winnipeg/calling-all-builders-116-imperial-ave/1442675128,-97.2966831,49.8473774,Imperial AVE
"Beautiful, Newer Crescentwood Duplex! 773 Scotland Ave.",518000.0,"Sun, 23 Jun 2019 05:01:10 CDT",https://www.kijiji.ca/v-house-for-sale/winnipeg/beautiful-newer-crescentwood-duplex-773-scotland-ave/1442678636,-97.2966831,49.8473774,Scotland AVE
"Beautiful, Newer Crescentwood Duplex! 773 Scotland Ave.",518000.0,"Sun, 23 Jun 2019 05:01:10 CDT",https://www.kijiji.ca/v-house-for-sale/winnipeg/beautiful-newer-crescentwood-duplex-773-scotland-ave/1442678636,-97.2966831,49.8473774,Crescentwood
"141 RIVER EDGE DR West St Paul, Manitoba",949900.0,"Sun, 23 Jun 2019 05:30:04 CDT",https://www.kijiji.ca/v-house-for-sale/winnipeg/141-river-edge-dr-west-st-paul-manitoba/1442677006,-96.5213315,50.04145579999999,West ST
Beautiful 3 Bdr Bungalow side by side in Transcona,219900.0,"Sun, 23 Jun 2019 07:51:48 CDT",https://www.kijiji.ca/v-house-for-sale/winnipeg/beautiful-3-bdr-bungalow-side-by-side-in-transcona/1442692959,-97.18538079999999,49.9104582,Transcona
Great bungalow with Dbl Garage in Waverley heights,359900.0,"Sun, 23 Jun 2019 08:00:55 CDT",https://www.kijiji.ca/v-house-for-sale/winnipeg/great-bungalow-with-dbl-garage-in-waverley-heights/1442694243,-97.16031400000001,49.8127009,Waverley Heights
Luxury New 5 Bedroom with 3 Full Baths home in South Pointe,739000.0,"Sun, 23 Jun 2019 08:05:06 CDT",https://www.kijiji.ca/v-house-for-sale/winnipeg/luxury-new-5-bedroom-with-3-full-baths-home-in-south-pointe/1442694875,-97.18301840000001,49.7759343,South Pointe
West Broadway Home For Sale,739000.0,"Sun, 23 Jun 2019 08:10:37 CDT",https://www.kijiji.ca/v-house-for-sale/winnipeg/west-broadway-home-for-sale/1442695713,-97.1546499,49.88605570000001,Broadway
West Broadway Home For Sale,739000.0,"Sun, 23 Jun 2019 08:10:37 CDT",https://www.kijiji.ca/v-house-for-sale/winnipeg/west-broadway-home-for-sale/1442695713,-97.1546499,49.88605570000001,West Broadway
Princess Harbour...with two additional homes!,435000.0,"Sun, 23 Jun 2019 08:22:01 CDT",https://www.kijiji.ca/v-house-for-sale/winnipeg/princess-harbour-with-two-additional-homes/1343593029,-96.8727779,51.861667,Princess Harbour
Open house today 1-3pm - River East Bungalow,349900.0,"Sun, 23 Jun 2019 08:21:29 CDT",https://www.kijiji.ca/v-house-for-sale/winnipeg/open-house-today-1-3pm-river-east-bungalow/1442697388,-97.07542,49.943954,River East
"Crescentwood 1600 sq.ft 2bed, 2bath dble garage. hwds $419,900",419900.0,"Sun, 23 Jun 2019 09:13:36 CDT",https://www.kijiji.ca/v-house-for-sale/winnipeg/crescentwood-1600-sq-ft-2bed-2bath-dble-garage-hwds-419-900/1442706590,-97.1526373,49.8672866,Crescentwood
JUST REDUCED PRICE 2 STORY HOUSE IN SOUTH POINTE,645000.0,"Sun, 23 Jun 2019 09:26:24 CDT",https://www.kijiji.ca/v-house-for-sale/winnipeg/just-reduced-price-2-story-house-in-south-pointe/1442709150,-97.17849849999999,49.7734031,South Pointe
"Lakeside Meadows, 115 Meadowlake Drive",324900.0,"Sun, 23 Jun 2019 09:30:38 CDT",https://www.kijiji.ca/v-house-for-sale/winnipeg/lakeside-meadows-115-meadowlake-drive/1442709949,-96.9877147,49.7091812,Meadows
Beautiful Home in Silver Heights!&#8203;,298500.0,"Sun, 23 Jun 2019 10:31:46 CDT",https://www.kijiji.ca/v-house-for-sale/winnipeg/beautiful-home-in-silver-heights/1442723741,-97.2580634,49.8862689,Silver
Beautiful Home in Silver Heights!&#8203;,298500.0,"Sun, 23 Jun 2019 10:31:46 CDT",https://www.kijiji.ca/v-house-for-sale/winnipeg/beautiful-home-in-silver-heights/1442723741,-97.2580634,49.8862689,Silver Heights
"405 Jackman RD West St Paul, Manitoba",499000.0,"Sun, 23 Jun 2019 19:15:53 CDT",https://www.kijiji.ca/v-house-for-sale/winnipeg/405-jackman-rd-west-st-paul-manitoba/1417117050,-97.0604302,50.0190619,West ST
"Homes for Sale in Island Lakes, Winnipeg, Manitoba $369,900",369900.0,"Sun, 23 Jun 2019 19:15:30 CDT",https://www.kijiji.ca/v-house-for-sale/winnipeg/homes-for-sale-in-island-lakes-winnipeg-manitoba-369-900/1429657974,-97.059408,49.838288,Island Lakes
"Homes for Sale in Island Lakes, Winnipeg, Manitoba $369,900",369900.0,"Sun, 23 Jun 2019 19:15:30 CDT",https://www.kijiji.ca/v-house-for-sale/winnipeg/homes-for-sale-in-island-lakes-winnipeg-manitoba-369-900/1429657974,-97.059408,49.838288,Island Lake
"38 Lochmoor AVE Winnipeg, Manitoba",282900.0,"Sun, 23 Jun 2019 19:14:42 CDT",https://www.kijiji.ca/v-house-for-sale/winnipeg/38-lochmoor-ave-winnipeg-manitoba/1436405810,-97.0575323,49.8601798,Lochmoor AVE
"16 DESGAGNE ST La Broquerie, Manitoba",339900.0,"Sun, 23 Jun 2019 19:14:39 CDT",https://www.kijiji.ca/v-house-for-sale/winnipeg/16-desgagne-st-la-broquerie-manitoba/1436405702,-96.5016081,49.5203964,La Broquerie
"788 Beverley ST NW Winnipeg, Manitoba",219900.0,"Sun, 23 Jun 2019 19:14:32 CDT",https://www.kijiji.ca/v-house-for-sale/winnipeg/788-beverley-st-nw-winnipeg-manitoba/1436405519,-97.16485929999999,49.9023563,Beverley ST
"Homes for Sale in Unspecified, St. Laurent, Manitoba $224,900",224900.0,"Sun, 23 Jun 2019 19:16:05 CDT",https://www.kijiji.ca/v-house-for-sale/winnipeg/homes-for-sale-in-unspecified-st-laurent-manitoba-224-900/1436407605,-97.935906,50.379627,St. Laurent
"Beautiful, Newer Crescentwood Duplex! 773 Scotland Ave.",518000.0,"Tue, 25 Jun 2019 01:56:29 CDT",https://www.kijiji.ca/v-house-for-sale/winnipeg/beautiful-newer-crescentwood-duplex-773-scotland-ave/1443091561,-97.2966831,49.8473774,Scotland AVE
"Beautiful, Newer Crescentwood Duplex! 773 Scotland Ave.",518000.0,"Tue, 25 Jun 2019 01:56:29 CDT",https://www.kijiji.ca/v-house-for-sale/winnipeg/beautiful-newer-crescentwood-duplex-773-scotland-ave/1443091561,-97.2966831,49.8473774,Crescentwood
Calling all Builders! 116 Imperial Ave.,229900.0,"Tue, 25 Jun 2019 04:08:17 CDT",https://www.kijiji.ca/v-house-for-sale/winnipeg/calling-all-builders-116-imperial-ave/1443098099,-97.2966831,49.8473774,Imperial AVE
River Heights House for Sale! 720 Renfrew St.,479720.0,"Tue, 25 Jun 2019 04:06:27 CDT",https://www.kijiji.ca/v-house-for-sale/winnipeg/river-heights-house-for-sale-720-renfrew-st/1443098063,-97.2966831,49.8473774,Renfrew ST
River Heights House for Sale! 720 Renfrew St.,479720.0,"Tue, 25 Jun 2019 04:06:27 CDT",https://www.kijiji.ca/v-house-for-sale/winnipeg/river-heights-house-for-sale-720-renfrew-st/1443098063,-97.2966831,49.8473774,River Heights
Beautiful Duplex in Crescentwood! 719 Scotland Ave.,515000.0,"Tue, 25 Jun 2019 04:05:34 CDT",https://www.kijiji.ca/v-house-for-sale/winnipeg/beautiful-duplex-in-crescentwood-719-scotland-ave/1443098049,-97.2966831,49.8473774,Scotland AVE
Beautiful Duplex in Crescentwood! 719 Scotland Ave.,515000.0,"Tue, 25 Jun 2019 04:05:34 CDT",https://www.kijiji.ca/v-house-for-sale/winnipeg/beautiful-duplex-in-crescentwood-719-scotland-ave/1443098049,-97.2966831,49.8473774,Crescentwood
"48 FORRESTER AVE Winnipeg, Manitoba",299900.0,"Tue, 25 Jun 2019 05:06:00 CDT",https://www.kijiji.ca/v-house-for-sale/winnipeg/48-forrester-ave-winnipeg-manitoba/1443096891,-97.0907196,49.8327315,Forrester AVE
"48 FORRESTER AVE Winnipeg, Manitoba",299900.0,"Tue, 25 Jun 2019 05:06:00 CDT",https://www.kijiji.ca/v-house-for-sale/winnipeg/48-forrester-ave-winnipeg-manitoba/1443096891,-97.0907196,49.8327315,Forrest
"1271 Spruce ST Winnipeg, Manitoba",239900.0,"Tue, 25 Jun 2019 05:06:00 CDT",https://www.kijiji.ca/v-house-for-sale/winnipeg/1271-spruce-st-winnipeg-manitoba/1443097522,-97.1862276,49.9020374,Spruce ST
"282 Wharton BLVD Winnipeg, Manitoba",309900.0,"Tue, 25 Jun 2019 05:12:04 CDT",https://www.kijiji.ca/v-house-for-sale/winnipeg/282-wharton-blvd-winnipeg-manitoba/1443095644,-97.290137,49.891596,Wharton BLVD
"166 Rossmere CR Winnipeg, Manitoba",309900.0,"Tue, 25 Jun 2019 05:18:06 CDT",https://www.kijiji.ca/v-house-for-sale/winnipeg/166-rossmere-cr-winnipeg-manitoba/1443097415,-97.0981829,49.935238,Rossmere CR
"35 Hind AVE Winnipeg, Manitoba",329900.0,"Tue, 25 Jun 2019 05:18:06 CDT",https://www.kijiji.ca/v-house-for-sale/winnipeg/35-hind-ave-winnipeg-manitoba/1443095826,-97.2426586,49.8788489,Hind AVE
"33 Sorokin ST Winnipeg, Manitoba",234800.0,"Tue, 25 Jun 2019 05:24:04 CDT",https://www.kijiji.ca/v-house-for-sale/winnipeg/33-sorokin-st-winnipeg-manitoba/1443097397,-97.1847757,49.9528472,Sorokin ST
"584 Windsor AVE Winnipeg, Manitoba",219900.0,"Tue, 25 Jun 2019 05:24:04 CDT",https://www.kijiji.ca/v-house-for-sale/winnipeg/584-windsor-ave-winnipeg-manitoba/1443097362,-97.0950605,49.9069103,Windsor AVE
"239 Arby BAY Winnipeg, Manitoba",329900.0,"Tue, 25 Jun 2019 05:30:05 CDT",https://www.kijiji.ca/v-house-for-sale/winnipeg/239-arby-bay-winnipeg-manitoba/1443097577,-97.0855471,49.9424031,Arby Bay
"1025 KELSEY AVE Winnipeg, Manitoba",254900.0,"Tue, 25 Jun 2019 05:30:04 CDT",https://www.kijiji.ca/v-house-for-sale/winnipeg/1025-kelsey-ave-winnipeg-manitoba/1443095891,-97.1532501,49.8378222,Kelsey AVE
"406 Brandon AVE Winnipeg, Manitoba",289900.0,"Tue, 25 Jun 2019 05:30:04 CDT",https://www.kijiji.ca/v-house-for-sale/winnipeg/406-brandon-ave-winnipeg-manitoba/1443096786,-97.1348301,49.8682206,Brandon AVE
"59 Hawkwood GATE Winnipeg, Manitoba",444900.0,"Tue, 25 Jun 2019 05:36:01 CDT",https://www.kijiji.ca/v-house-for-sale/winnipeg/59-hawkwood-gate-winnipeg-manitoba/1443097110,-97.2183561,49.8138659,Hawkwood Gate
"39 Tolcross GATE Winnipeg, Manitoba",339999.0,"Tue, 25 Jun 2019 05:36:01 CDT",https://www.kijiji.ca/v-house-for-sale/winnipeg/39-tolcross-gate-winnipeg-manitoba/1443095648,-97.2017202,49.817808,Tolcross Gate
"318 Scotswood DR Winnipeg, Manitoba",439900.0,"Tue, 25 Jun 2019 05:42:04 CDT",https://www.kijiji.ca/v-house-for-sale/winnipeg/318-scotswood-dr-winnipeg-manitoba/1443096589,-97.29497099999999,49.8511743,Scotswood DR
"1061 McCalman AVE Winnipeg, Manitoba",224900.0,"Tue, 25 Jun 2019 05:42:04 CDT",https://www.kijiji.ca/v-house-for-sale/winnipeg/1061-mccalman-ave-winnipeg-manitoba/1443095863,-97.0779474,49.90147229999999,Mccalman AVE
"417 SACKVILLE ST Winnipeg, Manitoba",209900.0,"Tue, 25 Jun 2019 05:48:08 CDT",https://www.kijiji.ca/v-house-for-sale/winnipeg/417-sackville-st-winnipeg-manitoba/1443097190,-97.2224069,49.8878373,Sackville ST
"31087 201 HWY Stuartburn, Manitoba",249900.0,"Tue, 25 Jun 2019 05:54:04 CDT",https://www.kijiji.ca/v-house-for-sale/winnipeg/31087-201-hwy-stuartburn-manitoba/1443097458,-96.7279399,49.1593823,Stuartburn
Charming Fort Rogue House! 695 Jubilee Ave.,234695.0,"Tue, 25 Jun 2019 06:11:34 CDT",https://www.kijiji.ca/v-house-for-sale/winnipeg/charming-fort-rogue-house-695-jubilee-ave/1443103154,-97.2966831,49.8473774,Jubilee AVE
Attached Home in Tyndall Park For Sale,255999.0,"Tue, 25 Jun 2019 08:20:11 CDT",https://www.kijiji.ca/v-house-for-sale/winnipeg/attached-home-in-tyndall-park-for-sale/1443120135,-97.1985378,49.9323444,Tyndall Park
Attached Home in Tyndall Park For Sale,255999.0,"Tue, 25 Jun 2019 08:20:11 CDT",https://www.kijiji.ca/v-house-for-sale/winnipeg/attached-home-in-tyndall-park-for-sale/1443120135,-97.1985378,49.9323444,Tyndall
Character home in Crescentwood!,359900.0,"Tue, 25 Jun 2019 10:06:50 CDT",https://www.kijiji.ca/v-house-for-sale/winnipeg/character-home-in-crescentwood/1443142874,-97.1595092,49.87003259999999,Crescentwood
Fantastic Westwood Bungalow for Sale,340000.0,"Tue, 25 Jun 2019 11:23:59 CDT",https://www.kijiji.ca/v-house-for-sale/winnipeg/fantastic-westwood-bungalow-for-sale/1443161100,-97.56681669999999,49.0966179,Westwood
WELCOME TO 34 HARROWBY AVENUE,347900.0,"Tue, 25 Jun 2019 11:32:14 CDT",https://www.kijiji.ca/v-house-for-sale/winnipeg/welcome-to-34-harrowby-avenue/1443163026,-97.1087471,49.8661281,Harrowby AVE
Fabulous Westwood Starter,219900.0,"Tue, 25 Jun 2019 11:31:50 CDT",https://www.kijiji.ca/v-house-for-sale/winnipeg/fabulous-westwood-starter/1443162947,-97.30284920000001,49.88068490000001,Westwood
WELCOME TO 223 GRASSIE BOULEVARD,238900.0,"Tue, 25 Jun 2019 11:30:32 CDT",https://www.kijiji.ca/v-house-for-sale/winnipeg/welcome-to-223-grassie-boulevard/1443162649,-97.051845,49.9227378,Grassie
"38 Maynard Close, Winnipeg Houses for Sale by Melanie Backstrom",269900.0,"Tue, 25 Jun 2019 11:36:53 CDT",https://www.kijiji.ca/v-house-for-sale/winnipeg/38-maynard-close-winnipeg-houses-for-sale-by-melanie-backstrom/1443164196,-97.16203829999999,49.94623499999999,Maynard Close
"BRAND NEW Beautiful&amp;Spacious 3 Bdrm, 2 Bath Family Home in Elie!",339000.0,"Tue, 25 Jun 2019 11:35:47 CDT",https://www.kijiji.ca/v-house-for-sale/winnipeg/brand-new-beautiful-spacious-3-bdrm-2-bath-family-home-in-elie/1443163914,-97.76712959999999,49.9064212,Elie
WELCOME TO 26 BRUTON PLACE,389900.0,"Tue, 25 Jun 2019 11:42:03 CDT",https://www.kijiji.ca/v-house-for-sale/winnipeg/welcome-to-26-bruton-place/1443165678,-97.1146292,49.804292,Bruton PL
"1348 Manitoba Avenue , Winnipeg",294900.0,"Tue, 25 Jun 2019 12:21:42 CDT",https://www.kijiji.ca/v-house-for-sale/winnipeg/1348-manitoba-avenue-winnipeg/1443174705,-97.1788151,49.9281793,Manitoba AVE
CHARMING 3 BR BILEVEL W/ FINISHED BASEMENT - 360 CHALMERS,264900.0,"Tue, 25 Jun 2019 13:13:43 CDT",https://www.kijiji.ca/v-house-for-sale/winnipeg/charming-3-br-bilevel-w-finished-basement-360-chalmers/1443186320,-97.10561279999999,49.9120958,Chalmers
Transcona,287900.0,"Tue, 25 Jun 2019 14:43:20 CDT",https://www.kijiji.ca/v-house-for-sale/winnipeg/transcona/1443205960,-97.00228109999999,49.89970390000001,Transcona
Beautiful Home in Silver Heights!&#8203;,298500.0,"Tue, 25 Jun 2019 18:01:55 CDT",https://www.kijiji.ca/v-house-for-sale/winnipeg/beautiful-home-in-silver-heights/1443247325,-97.2580634,49.8862689,Silver Heights
Beautiful Home in Silver Heights!&#8203;,298500.0,"Tue, 25 Jun 2019 18:01:55 CDT",https://www.kijiji.ca/v-house-for-sale/winnipeg/beautiful-home-in-silver-heights/1443247325,-97.2580634,49.8862689,Silver
Fantastic Home with a Finished Basement in Windsor Park!&#8203;,254900.0,"Tue, 25 Jun 2019 18:01:55 CDT",https://www.kijiji.ca/v-house-for-sale/winnipeg/fantastic-home-with-a-finished-basement-in-windsor-park/1443247326,-97.08432200000001,49.8573967,Windsor Park
Large Family Home In Lundar Manitoba! Over 2000SF!,259900.0,"Tue, 25 Jun 2019 18:42:03 CDT",https://www.kijiji.ca/v-house-for-sale/winnipeg/large-family-home-in-lundar-manitoba-over-2000sf/1430848919,-97.10910240000001,49.81359800000001,Lundar
"10 Merlin ST Gimli, Manitoba",379900.0,"Tue, 25 Jun 2019 19:15:22 CDT",https://www.kijiji.ca/v-house-for-sale/winnipeg/10-merlin-st-gimli-manitoba/1436871013,-96.99027819999999,50.5652667,Gimli
"207 Vineland CR Winnipeg, Manitoba",469900.0,"Tue, 25 Jun 2019 19:15:20 CDT",https://www.kijiji.ca/v-house-for-sale/winnipeg/207-vineland-cr-winnipeg-manitoba/1436870956,-97.217278,49.8028419,Vineland CR
"491 Riverton AVE Winnipeg, Manitoba",359900.0,"Tue, 25 Jun 2019 19:15:16 CDT",https://www.kijiji.ca/v-house-for-sale/winnipeg/491-riverton-ave-winnipeg-manitoba/1436870783,-97.1024619,49.9073112,Riverton AVE
"Homes for Sale in St. Boniface, Winnipeg, Manitoba $395,000",395000.0,"Tue, 25 Jun 2019 19:20:37 CDT",https://www.kijiji.ca/v-house-for-sale/winnipeg/homes-for-sale-in-st-boniface-winnipeg-manitoba-395-000/1380294168,-97.106953,49.876027,St. Boniface
"31112 ROAD 41E (St. Denis) RD La Broquerie, Manitoba",269900.0,"Tue, 25 Jun 2019 19:19:34 CDT",https://www.kijiji.ca/v-house-for-sale/winnipeg/31112-road-41e-st-denis-rd-la-broquerie-manitoba/1423466445,-96.5333584,49.477924,La Broquerie
"17 Ash ST Mitchell, Manitoba",242900.0,"Tue, 25 Jun 2019 19:19:25 CDT",https://www.kijiji.ca/v-house-for-sale/winnipeg/17-ash-st-mitchell-manitoba/1423465840,-96.7644054,49.5327674,Ash ST
"Homes for Sale in Crescentwood, Winnipeg, Manitoba $499,900",499900.0,"Tue, 25 Jun 2019 19:19:10 CDT",https://www.kijiji.ca/v-house-for-sale/winnipeg/homes-for-sale-in-crescentwood-winnipeg-manitoba-499-900/1430085677,-97.165766,49.873297,Crescentwood
"Homes for Sale in Royalwood, Winnipeg, Manitoba $599,800",599800.0,"Tue, 25 Jun 2019 19:20:57 CDT",https://www.kijiji.ca/v-house-for-sale/winnipeg/homes-for-sale-in-royalwood-winnipeg-manitoba-599-800/1423469640,-97.0761742,49.8325794,Royalwood
Falcon Lake Cottage for Sale,204000.0,"Tue, 25 Jun 2019 19:40:17 CDT",https://www.kijiji.ca/v-house-for-sale/winnipeg/falcon-lake-cottage-for-sale/1443266733,-96.5130179,50.0556807,Falcon Lake
"Beautiful, Newer Crescentwood Duplex! 773 Scotland Ave.",518000.0,"Wed, 26 Jun 2019 00:50:46 CDT",https://www.kijiji.ca/v-house-for-sale/winnipeg/beautiful-newer-crescentwood-duplex-773-scotland-ave/1443304112,-97.2966831,49.8473774,Scotland AVE
"Beautiful, Newer Crescentwood Duplex! 773 Scotland Ave.",518000.0,"Wed, 26 Jun 2019 00:50:46 CDT",https://www.kijiji.ca/v-house-for-sale/winnipeg/beautiful-newer-crescentwood-duplex-773-scotland-ave/1443304112,-97.2966831,49.8473774,Crescentwood
Charming Fort Rogue House! 695 Jubilee Ave.,234695.0,"Wed, 26 Jun 2019 02:56:36 CDT",https://www.kijiji.ca/v-house-for-sale/winnipeg/charming-fort-rogue-house-695-jubilee-ave/1443306755,-97.2966831,49.8473774,Jubilee AVE
Calling all Builders! 116 Imperial Ave.,229900.0,"Wed, 26 Jun 2019 03:01:19 CDT",https://www.kijiji.ca/v-house-for-sale/winnipeg/calling-all-builders-116-imperial-ave/1443306845,-97.2966831,49.8473774,Imperial AVE
River Heights House for Sale! 720 Renfrew St.,479720.0,"Wed, 26 Jun 2019 05:07:44 CDT",https://www.kijiji.ca/v-house-for-sale/winnipeg/river-heights-house-for-sale-720-renfrew-st/1443312266,-97.2966831,49.8473774,Renfrew ST
River Heights House for Sale! 720 Renfrew St.,479720.0,"Wed, 26 Jun 2019 05:07:44 CDT",https://www.kijiji.ca/v-house-for-sale/winnipeg/river-heights-house-for-sale-720-renfrew-st/1443312266,-97.2966831,49.8473774,River Heights
Beautiful Duplex in Crescentwood! 719 Scotland Ave.,515000.0,"Wed, 26 Jun 2019 05:06:51 CDT",https://www.kijiji.ca/v-house-for-sale/winnipeg/beautiful-duplex-in-crescentwood-719-scotland-ave/1443312233,-97.2966831,49.8473774,Scotland AVE
Beautiful Duplex in Crescentwood! 719 Scotland Ave.,515000.0,"Wed, 26 Jun 2019 05:06:51 CDT",https://www.kijiji.ca/v-house-for-sale/winnipeg/beautiful-duplex-in-crescentwood-719-scotland-ave/1443312233,-97.2966831,49.8473774,Crescentwood
"606 Talbot AVE Winnipeg, Manitoba",299000.0,"Wed, 26 Jun 2019 05:06:02 CDT",https://www.kijiji.ca/v-house-for-sale/winnipeg/606-talbot-ave-winnipeg-manitoba/1443310018,-97.09755790000001,49.90537930000001,Talbot AVE
"467 Lyle ST Winnipeg, Manitoba",259900.0,"Wed, 26 Jun 2019 05:06:02 CDT",https://www.kijiji.ca/v-house-for-sale/winnipeg/467-lyle-st-winnipeg-manitoba/1443309356,-97.2258489,49.8879581,Lyle ST
"106059 8 HWY Gimli Rm, Manitoba",359000.0,"Wed, 26 Jun 2019 05:12:00 CDT",https://www.kijiji.ca/v-house-for-sale/winnipeg/106059-8-hwy-gimli-rm-manitoba/1443309957,-96.7644054,49.5327674,Gimli
"17 Ash ST Mitchell, Manitoba",238900.0,"Wed, 26 Jun 2019 05:12:00 CDT",https://www.kijiji.ca/v-house-for-sale/winnipeg/17-ash-st-mitchell-manitoba/1443309940,-97.1770622,49.88129559999999,Ash ST
"57 Edkar CR Winnipeg, Manitoba",259000.0,"Wed, 26 Jun 2019 05:18:01 CDT",https://www.kijiji.ca/v-house-for-sale/winnipeg/57-edkar-cr-winnipeg-manitoba/1443310129,-97.075243,49.952189,Edkar CR
"34 Oakmont AVE Winnipeg, Manitoba",239900.0,"Wed, 26 Jun 2019 05:24:03 CDT",https://www.kijiji.ca/v-house-for-sale/winnipeg/34-oakmont-ave-winnipeg-manitoba/1443308211,-97.0907852,49.80276869999999,Oakmont AVE
"87 Kingsclear DR Winnipeg, Manitoba",444900.0,"Wed, 26 Jun 2019 05:24:03 CDT",https://www.kijiji.ca/v-house-for-sale/winnipeg/87-kingsclear-dr-winnipeg-manitoba/1443310034,-96.704438,50.018341,Kingsclear DR
"399 Morley AVE Winnipeg, Manitoba",259900.0,"Wed, 26 Jun 2019 05:42:03 CDT",https://www.kijiji.ca/v-house-for-sale/winnipeg/399-morley-ave-winnipeg-manitoba/1443309150,-96.6605536,49.673637,Morley AVE
"219 Roger ST Winnipeg, Manitoba",428700.0,"Wed, 26 Jun 2019 05:42:03 CDT",https://www.kijiji.ca/v-house-for-sale/winnipeg/219-roger-st-winnipeg-manitoba/1443310188,-97.09186600000001,49.9377365,Roger ST
"35 Danube DR Winnipeg, Manitoba",494900.0,"Wed, 26 Jun 2019 05:42:03 CDT",https://www.kijiji.ca/v-house-for-sale/winnipeg/35-danube-dr-winnipeg-manitoba/1443310156,-95.8666075,50.2857785,Danube DR
"62 Rolmount RD Winnipeg, Manitoba",299900.0,"Wed, 26 Jun 2019 05:48:02 CDT",https://www.kijiji.ca/v-house-for-sale/winnipeg/62-rolmount-rd-winnipeg-manitoba/1443307101,-97.18247,49.949929,Rolmount RD
"98 Rockridge DR Blumenort, Manitoba",289900.0,"Wed, 26 Jun 2019 05:48:02 CDT",https://www.kijiji.ca/v-house-for-sale/winnipeg/98-rockridge-dr-blumenort-manitoba/1443308434,-96.6949125,49.5977179,Blumenort
"344 Brock ST Winnipeg, Manitoba",555000.0,"Wed, 26 Jun 2019 05:54:00 CDT",https://www.kijiji.ca/v-house-for-sale/winnipeg/344-brock-st-winnipeg-manitoba/1443307942,-97.209599,49.86667000000001,Brock ST
47060 Gendron Rd E Lorette MB,374500.0,"Wed, 26 Jun 2019 09:02:30 CDT",https://www.kijiji.ca/v-house-for-sale/winnipeg/47060-gendron-rd-e-lorette-mb/1443338707,-96.8906567,49.7014465,Lorette
Price reduced! 26 Pixieland Road West Hawk Lake,994000.0,"Wed, 26 Jun 2019 09:11:50 CDT",https://www.kijiji.ca/v-house-for-sale/winnipeg/price-reduced-26-pixieland-road-west-hawk-lake/1443340649,-95.18411719999999,49.764563,West Hawk Lake
66 Pennefather st. Beautiful home in River East,314900.0,"Wed, 26 Jun 2019 09:15:37 CDT",https://www.kijiji.ca/v-house-for-sale/winnipeg/66-pennefather-st-beautiful-home-in-river-east/1443341478,-96.3819968,49.0233338,Pennefather ST
66 Pennefather st. Beautiful home in River East,314900.0,"Wed, 26 Jun 2019 09:15:37 CDT",https://www.kijiji.ca/v-house-for-sale/winnipeg/66-pennefather-st-beautiful-home-in-river-east/1443341478,-96.3819968,49.0233338,River East
Windsor Park,415000.0,"Wed, 26 Jun 2019 09:24:10 CDT",https://www.kijiji.ca/v-house-for-sale/winnipeg/windsor-park/1443343267,-97.0602834,49.8577411,Windsor Park
Beautiful House for sale in St.Vital,339000.0,"Wed, 26 Jun 2019 09:21:33 CDT",https://www.kijiji.ca/v-house-for-sale/winnipeg/beautiful-house-for-sale-in-st-vital/1443342741,-97.1116204,49.82271189999999,Vita
Vacant Land in Charleswood! 900 Elmhurst Rd.,279900.0,"Wed, 26 Jun 2019 09:25:18 CDT",https://www.kijiji.ca/v-house-for-sale/winnipeg/vacant-land-in-charleswood-900-elmhurst-rd/1443343476,-97.2966831,49.8473774,Elmhurst RD
Vacant Land in Charleswood! 900 Elmhurst Rd.,279900.0,"Wed, 26 Jun 2019 09:25:18 CDT",https://www.kijiji.ca/v-house-for-sale/winnipeg/vacant-land-in-charleswood-900-elmhurst-rd/1443343476,-97.2966831,49.8473774,Charleswood
Vacant Land in Charleswood! 900 Elmhurst Rd.,279900.0,"Wed, 26 Jun 2019 09:25:18 CDT",https://www.kijiji.ca/v-house-for-sale/winnipeg/vacant-land-in-charleswood-900-elmhurst-rd/1443343476,-97.2966831,49.8473774,Elmhurst
Lovely 2 Bdrm Home in Transcona!,209900.0,"Wed, 26 Jun 2019 09:45:40 CDT",https://www.kijiji.ca/v-house-for-sale/winnipeg/lovely-2-bdrm-home-in-transcona/1443347805,-96.9895035,49.8981276,Transcona
Beautiful home for sale 151 Millwood med.  Canterbury park.,287900.0,"Wed, 26 Jun 2019 10:02:37 CDT",https://www.kijiji.ca/v-house-for-sale/winnipeg/beautiful-home-for-sale-151-millwood-med-canterbury-park/1443351902,-96.972006,49.9065167,Canterbury Park
Fantastic Westwood Bungalow for Sale,322900.0,"Wed, 26 Jun 2019 10:24:18 CDT",https://www.kijiji.ca/v-house-for-sale/winnipeg/fantastic-westwood-bungalow-for-sale/1443356874,-97.2935911,49.874379,Westwood
778 Waterford ave - Great location in East Fort Garry,322900.0,"Wed, 26 Jun 2019 10:25:41 CDT",https://www.kijiji.ca/v-house-for-sale/winnipeg/778-waterford-ave-great-location-in-east-fort-garry/1443357187,-97.14453309999999,49.8471884,Waterford AVE
778 Waterford ave - Great location in East Fort Garry,322900.0,"Wed, 26 Jun 2019 10:25:41 CDT",https://www.kijiji.ca/v-house-for-sale/winnipeg/778-waterford-ave-great-location-in-east-fort-garry/1443357187,-97.14453309999999,49.8471884,Fort Garry
Fabulous Westwood Starter,424900.0,"Wed, 26 Jun 2019 10:30:46 CDT",https://www.kijiji.ca/v-house-for-sale/winnipeg/fabulous-westwood-starter/1443358376,-97.30284920000001,49.88068490000001,Westwood
West Broadway Home For Sale,322900.0,"Wed, 26 Jun 2019 10:30:25 CDT",https://www.kijiji.ca/v-house-for-sale/winnipeg/west-broadway-home-for-sale/1443358305,-97.1546499,49.88605570000001,Broadway
West Broadway Home For Sale,322900.0,"Wed, 26 Jun 2019 10:30:25 CDT",https://www.kijiji.ca/v-house-for-sale/winnipeg/west-broadway-home-for-sale/1443358305,-97.1546499,49.88605570000001,West Broadway
WELCOME TO 223 GRASSIE BOULEVARD,347900.0,"Wed, 26 Jun 2019 12:30:20 CDT",https://www.kijiji.ca/v-house-for-sale/winnipeg/welcome-to-223-grassie-boulevard/1443384383,-97.051845,49.9227378,Grassie
WELCOME TO 26 BRUTON PLACE,389900.0,"Wed, 26 Jun 2019 12:51:47 CDT",https://www.kijiji.ca/v-house-for-sale/winnipeg/welcome-to-26-bruton-place/1443388826,-97.1146292,49.804292,Bruton PL
Beautiful Family Home in Bridgwater Forest,299000.0,"Wed, 26 Jun 2019 13:33:43 CDT",https://www.kijiji.ca/v-house-for-sale/winnipeg/beautiful-family-home-in-bridgwater-forest/1443397662,-97.13711909999999,49.916182,Bridgwater Forest
377 Rita Street! Completely Rebuilt! Huge Garage and Workshop!,499900.0,"Wed, 26 Jun 2019 13:37:22 CDT",https://www.kijiji.ca/v-house-for-sale/winnipeg/377-rita-street-completely-rebuilt-huge-garage-and-workshop/1443398397,-97.2568853,49.88258219999999,Rita ST
Terrific starter home or turnkey investment property! West End!&#8203;,209500.0,"Wed, 26 Jun 2019 16:37:49 CDT",https://www.kijiji.ca/v-house-for-sale/winnipeg/terrific-starter-home-or-turnkey-investment-property-west-end/1443435394,-97.1635264,49.89803500000001,West End
Fantastic Home with a Finished Basement in Windsor Park!&#8203;,254900.0,"Wed, 26 Jun 2019 16:37:48 CDT",https://www.kijiji.ca/v-house-for-sale/winnipeg/fantastic-home-with-a-finished-basement-in-windsor-park/1443435385,-97.08432200000001,49.8573967,Windsor Park
Nice SOLID 3 bedroom home in Fort Rouge!&#8203;,229900.0,"Wed, 26 Jun 2019 16:37:48 CDT",https://www.kijiji.ca/v-house-for-sale/winnipeg/nice-solid-3-bedroom-home-in-fort-rouge/1443435390,-97.1413718,49.8600783,Fort Rouge
Conveniently located in Island Lakes&#8203;,429900.0,"Wed, 26 Jun 2019 16:37:48 CDT",https://www.kijiji.ca/v-house-for-sale/winnipeg/conveniently-located-in-island-lakes/1443435389,-97.0506217,49.8311671,Island Lake
Conveniently located in Island Lakes&#8203;,429900.0,"Wed, 26 Jun 2019 16:37:48 CDT",https://www.kijiji.ca/v-house-for-sale/winnipeg/conveniently-located-in-island-lakes/1443435389,-97.0506217,49.8311671,Island Lakes
"525 Jackman RD West St Paul, Manitoba",499900.0,"Wed, 26 Jun 2019 19:10:38 CDT",https://www.kijiji.ca/v-house-for-sale/winnipeg/525-jackman-rd-west-st-paul-manitoba/1423666097,-97.06378819999999,50.0205473,West ST
"802 Moncton AVE Winnipeg, Manitoba",249900.0,"Wed, 26 Jun 2019 19:11:33 CDT",https://www.kijiji.ca/v-house-for-sale/winnipeg/802-moncton-ave-winnipeg-manitoba/1437102675,-97.0790298,49.9121061,Moncton AVE
"22 Mellish AVE Winnipeg, Manitoba",319900.0,"Wed, 26 Jun 2019 19:11:31 CDT",https://www.kijiji.ca/v-house-for-sale/winnipeg/22-mellish-ave-winnipeg-manitoba/1437102643,-97.15297149999999,49.9405118,Mellish AVE
"655 David ST Winnipeg, Manitoba",302900.0,"Wed, 26 Jun 2019 19:11:31 CDT",https://www.kijiji.ca/v-house-for-sale/winnipeg/655-david-st-winnipeg-manitoba/1437102647,-97.30915999999999,49.884467,David ST
"136 Woodhaven BLVD Winnipeg, Manitoba",324900.0,"Wed, 26 Jun 2019 19:11:27 CDT",https://www.kijiji.ca/v-house-for-sale/winnipeg/136-woodhaven-blvd-winnipeg-manitoba/1437102570,-97.2734842,49.8732145,Woodhaven BLVD
"136 Woodhaven BLVD Winnipeg, Manitoba",324900.0,"Wed, 26 Jun 2019 19:11:27 CDT",https://www.kijiji.ca/v-house-for-sale/winnipeg/136-woodhaven-blvd-winnipeg-manitoba/1437102570,-97.2734842,49.8732145,Woodhaven
"179 Enfield CR Winnipeg, Manitoba",254900.0,"Wed, 26 Jun 2019 19:11:27 CDT",https://www.kijiji.ca/v-house-for-sale/winnipeg/179-enfield-cr-winnipeg-manitoba/1437102573,-97.11864299999999,49.877459,Enfield CR
"907 Dugas ST Winnipeg, Manitoba",259900.0,"Wed, 26 Jun 2019 19:11:27 CDT",https://www.kijiji.ca/v-house-for-sale/winnipeg/907-dugas-st-winnipeg-manitoba/1437102565,-97.0801032,49.8720025,Dugas ST
Beautiful Duplex in Crescentwood! 719 Scotland Ave.,515000.0,"Thu, 27 Jun 2019 00:15:33 CDT",https://www.kijiji.ca/v-house-for-sale/winnipeg/beautiful-duplex-in-crescentwood-719-scotland-ave/1443510131,-97.2966831,49.8473774,Scotland AVE
Beautiful Duplex in Crescentwood! 719 Scotland Ave.,515000.0,"Thu, 27 Jun 2019 00:15:33 CDT",https://www.kijiji.ca/v-house-for-sale/winnipeg/beautiful-duplex-in-crescentwood-719-scotland-ave/1443510131,-97.2966831,49.8473774,Crescentwood
"Beautiful, Newer Crescentwood Duplex! 773 Scotland Ave.",518000.0,"Thu, 27 Jun 2019 02:22:27 CDT",https://www.kijiji.ca/v-house-for-sale/winnipeg/beautiful-newer-crescentwood-duplex-773-scotland-ave/1443515136,-97.2966831,49.8473774,Scotland AVE
"Beautiful, Newer Crescentwood Duplex! 773 Scotland Ave.",518000.0,"Thu, 27 Jun 2019 02:22:27 CDT",https://www.kijiji.ca/v-house-for-sale/winnipeg/beautiful-newer-crescentwood-duplex-773-scotland-ave/1443515136,-97.2966831,49.8473774,Crescentwood
Charming Fort Rogue House! 695 Jubilee Ave.,234695.0,"Thu, 27 Jun 2019 02:20:59 CDT",https://www.kijiji.ca/v-house-for-sale/winnipeg/charming-fort-rogue-house-695-jubilee-ave/1443515111,-97.2966831,49.8473774,Jubilee AVE
Calling all Builders! 116 Imperial Ave.,229900.0,"Thu, 27 Jun 2019 02:25:51 CDT",https://www.kijiji.ca/v-house-for-sale/winnipeg/calling-all-builders-116-imperial-ave/1443515192,-97.2966831,49.8473774,Imperial AVE
River Heights House for Sale! 720 Renfrew St.,479720.0,"Thu, 27 Jun 2019 04:32:11 CDT",https://www.kijiji.ca/v-house-for-sale/winnipeg/river-heights-house-for-sale-720-renfrew-st/1443520518,-97.2966831,49.8473774,Renfrew ST
River Heights House for Sale! 720 Renfrew St.,479720.0,"Thu, 27 Jun 2019 04:32:11 CDT",https://www.kijiji.ca/v-house-for-sale/winnipeg/river-heights-house-for-sale-720-renfrew-st/1443520518,-97.2966831,49.8473774,River Heights
"128 St Michaels CR Lorette, Manitoba",259900.0,"Thu, 27 Jun 2019 05:12:00 CDT",https://www.kijiji.ca/v-house-for-sale/winnipeg/128-st-michaels-cr-lorette-manitoba/1443518935,-96.87432749999999,49.7396213,Lorette
"357 McKay AVE Winnipeg, Manitoba",229900.0,"Thu, 27 Jun 2019 05:18:03 CDT",https://www.kijiji.ca/v-house-for-sale/winnipeg/357-mckay-ave-winnipeg-manitoba/1443519167,-97.08061970000001,49.93981369999999,Mckay AVE
"402 River Trail DR West St Paul, Manitoba",539900.0,"Thu, 27 Jun 2019 05:24:00 CDT",https://www.kijiji.ca/v-house-for-sale/winnipeg/402-river-trail-dr-west-st-paul-manitoba/1443519140,-95.7941829,50.3719342,West ST
"661 Municipal RD Winnipeg, Manitoba",369900.0,"Thu, 27 Jun 2019 05:24:00 CDT",https://www.kijiji.ca/v-house-for-sale/winnipeg/661-municipal-rd-winnipeg-manitoba/1443519399,-97.1270225,49.9260185,Municipal RD
"85 Autumnwood DR Gimli, Manitoba",329900.0,"Thu, 27 Jun 2019 05:42:04 CDT",https://www.kijiji.ca/v-house-for-sale/winnipeg/85-autumnwood-dr-gimli-manitoba/1443519139,-96.0713821,50.2216913,Autumnwood DR
"85 Autumnwood DR Gimli, Manitoba",329900.0,"Thu, 27 Jun 2019 05:42:04 CDT",https://www.kijiji.ca/v-house-for-sale/winnipeg/85-autumnwood-dr-gimli-manitoba/1443519139,-96.0713821,50.2216913,Gimli
"14072 RD 44E RD E Zhoda, Manitoba",389900.0,"Thu, 27 Jun 2019 05:42:04 CDT",https://www.kijiji.ca/v-house-for-sale/winnipeg/14072-rd-44e-rd-e-zhoda-manitoba/1443518655,-96.987031,50.54824079999999,Zhoda
"21 Dafoe BLVD Winnipeg, Manitoba",285000.0,"Thu, 27 Jun 2019 05:48:02 CDT",https://www.kijiji.ca/v-house-for-sale/winnipeg/21-dafoe-blvd-winnipeg-manitoba/1443518644,-97.1550946,49.9427597,Dafoe BLVD
"129 Kimberly AVE Winnipeg, Manitoba",384900.0,"Thu, 27 Jun 2019 05:54:00 CDT",https://www.kijiji.ca/v-house-for-sale/winnipeg/129-kimberly-ave-winnipeg-manitoba/1443519130,-97.1070633,49.9289363,Kimberly AVE
Nice SOLID 3 bedroom home in Fort Rouge!&#8203;,229900.0,"Thu, 27 Jun 2019 10:05:22 CDT",https://www.kijiji.ca/v-house-for-sale/winnipeg/nice-solid-3-bedroom-home-in-fort-rouge/1443563698,-97.1413718,49.8600783,Fort Rouge
Beautiful home in River Park South&#8203;,322900.0,"Thu, 27 Jun 2019 10:05:14 CDT",https://www.kijiji.ca/v-house-for-sale/winnipeg/beautiful-home-in-river-park-south/1443563667,-97.1112441,49.8022313,River Park South
OPEN HOUSE!! 618 Springfield Rd - Sunday June 30 from 12-1:30pm!,259900.0,"Thu, 27 Jun 2019 10:25:06 CDT",https://www.kijiji.ca/v-house-for-sale/winnipeg/open-house-618-springfield-rd-sunday-june-30-from-12-1:30pm/1443567947,-97.0658354,49.9364211,Springfield RD
"22 West Plains Drive - Sage Creek, Winnipeg - Asking $615,000!",214900.0,"Thu, 27 Jun 2019 10:36:28 CDT",https://www.kijiji.ca/v-house-for-sale/winnipeg/22-west-plains-drive-sage-creek-winnipeg-asking-615-000/1431302072,-97.03155040000001,49.8385054,Sage CR
"22 West Plains Drive - Sage Creek, Winnipeg - Asking $615,000!",214900.0,"Thu, 27 Jun 2019 10:36:28 CDT",https://www.kijiji.ca/v-house-for-sale/winnipeg/22-west-plains-drive-sage-creek-winnipeg-asking-615-000/1431302072,-97.03155040000001,49.8385054,Sage Creek
"29 Jessie Street, Oakbank Houses for Sale by Nicole McMillan",317500.0,"Thu, 27 Jun 2019 14:51:25 CDT",https://www.kijiji.ca/v-house-for-sale/winnipeg/29-jessie-street-oakbank-houses-for-sale-by-nicole-mcmillan/1431361452,-122.8903494,49.2569805,McMillan
"29 Jessie Street, Oakbank Houses for Sale by Nicole McMillan",317500.0,"Thu, 27 Jun 2019 14:51:25 CDT",https://www.kijiji.ca/v-house-for-sale/winnipeg/29-jessie-street-oakbank-houses-for-sale-by-nicole-mcmillan/1431361452,-122.8903494,49.2569805,Oakbank
"5 Hanover Place, Oakbank Houses for Sale by Hubert Labossiere",339900.0,"Thu, 27 Jun 2019 15:05:18 CDT",https://www.kijiji.ca/v-house-for-sale/winnipeg/5-hanover-place-oakbank-houses-for-sale-by-hubert-labossiere/1443624694,-96.8329796,49.9444763,Hanover PL
"5 Hanover Place, Oakbank Houses for Sale by Hubert Labossiere",339900.0,"Thu, 27 Jun 2019 15:05:18 CDT",https://www.kijiji.ca/v-house-for-sale/winnipeg/5-hanover-place-oakbank-houses-for-sale-by-hubert-labossiere/1443624694,-96.8329796,49.9444763,Oakbank
OSBORNE VILLAGE - Investment Property/Duplex FOR SALE!,439999.0,"Thu, 27 Jun 2019 16:04:13 CDT",https://www.kijiji.ca/v-house-for-sale/winnipeg/osborne-village-investment-property-duplex-for-sale/1443635392,-97.76712959999999,49.9064212,Osborne Village
"BRAND NEW Beautiful&amp;Spacious 3 Bdrm, 2 Bath Family Home in Elie!",339000.0,"Thu, 27 Jun 2019 16:01:30 CDT",https://www.kijiji.ca/v-house-for-sale/winnipeg/brand-new-beautiful-spacious-3-bdrm-2-bath-family-home-in-elie/1443634906,-97.19251,49.919018,Elie
3 BR Turnkey Home for Sale at West Kildonan,324900.0,"Thu, 27 Jun 2019 16:31:12 CDT",https://www.kijiji.ca/v-house-for-sale/winnipeg/3-br-turnkey-home-for-sale-at-west-kildonan/1443640590,-97.11377279999999,49.9381781,West Kildonan
RANDALL HOMES: 1600 SQFT TWO STORY FOR SALE IN BONAVISTA,394900.0,"Thu, 27 Jun 2019 17:15:18 CDT",https://www.kijiji.ca/v-house-for-sale/winnipeg/randall-homes:-1600-sqft-two-story-for-sale-in-bonavista/1443648382,-97.20815759999999,49.9079233,Vista
Vacant Land in Charleswood! 900 Elmhurst Rd.,279900.0,"Thu, 27 Jun 2019 17:22:33 CDT",https://www.kijiji.ca/v-house-for-sale/winnipeg/vacant-land-in-charleswood-900-elmhurst-rd/1443649681,-97.2966831,49.8473774,Elmhurst RD
Vacant Land in Charleswood! 900 Elmhurst Rd.,279900.0,"Thu, 27 Jun 2019 17:22:33 CDT",https://www.kijiji.ca/v-house-for-sale/winnipeg/vacant-land-in-charleswood-900-elmhurst-rd/1443649681,-97.2966831,49.8473774,Charleswood
Vacant Land in Charleswood! 900 Elmhurst Rd.,279900.0,"Thu, 27 Jun 2019 17:22:33 CDT",https://www.kijiji.ca/v-house-for-sale/winnipeg/vacant-land-in-charleswood-900-elmhurst-rd/1443649681,-97.2966831,49.8473774,Elmhurst
RANDALL HOMES SHOWHOME FOR SALE IN BONAVISTA - QUICK POSSESSION,333900.0,"Thu, 27 Jun 2019 17:21:17 CDT",https://www.kijiji.ca/v-house-for-sale/winnipeg/randall-homes-showhome-for-sale-in-bonavista-quick-possession/1443649468,-97.06425109999999,49.8226379,Vista
Upgraded House for Sale! 974 College Ave.,479720.0,"Thu, 27 Jun 2019 17:20:58 CDT",https://www.kijiji.ca/v-house-for-sale/winnipeg/upgraded-house-for-sale-974-college-ave/1443649417,-97.2966831,49.8473774,College AVE
PELICAN LAKE water front Bungalow,515000.0,"Thu, 27 Jun 2019 17:20:36 CDT",https://www.kijiji.ca/v-house-for-sale/winnipeg/pelican-lake-water-front-bungalow/1443649363,-99.5852216,49.4367472,Pelican Lake
"1009 Clarence AVE Winnipeg, Manitoba",239900.0,"Thu, 27 Jun 2019 19:10:20 CDT",https://www.kijiji.ca/v-house-for-sale/winnipeg/1009-clarence-ave-winnipeg-manitoba/1430558865,-97.15207149999999,49.8363279,Clarence AVE
"4 Sixth AVE Gimli, Manitoba",224900.0,"Thu, 27 Jun 2019 19:10:00 CDT",https://www.kijiji.ca/v-house-for-sale/winnipeg/4-sixth-ave-gimli-manitoba/1430558347,-96.99385749999999,50.639722,Sixth AVE
"4 Sixth AVE Gimli, Manitoba",224900.0,"Thu, 27 Jun 2019 19:10:00 CDT",https://www.kijiji.ca/v-house-for-sale/winnipeg/4-sixth-ave-gimli-manitoba/1430558347,-96.99385749999999,50.639722,Gimli
"46 Beaudin BLVD Elie, Manitoba",389900.0,"Thu, 27 Jun 2019 19:16:07 CDT",https://www.kijiji.ca/v-house-for-sale/winnipeg/46-beaudin-blvd-elie-manitoba/1430565295,-97.76862279999999,49.9070381,Elie
"418 Knowles AVE Winnipeg, Manitoba",324900.0,"Thu, 27 Jun 2019 19:16:06 CDT",https://www.kijiji.ca/v-house-for-sale/winnipeg/418-knowles-ave-winnipeg-manitoba/1430565282,-97.049514,49.951078,Knowles AVE
"800 Elmhurst RD Winnipeg, Manitoba",499500.0,"Thu, 27 Jun 2019 19:16:04 CDT",https://www.kijiji.ca/v-house-for-sale/winnipeg/800-elmhurst-rd-winnipeg-manitoba/1430565217,-97.2577869,49.8485096,Elmhurst RD
"800 Elmhurst RD Winnipeg, Manitoba",499500.0,"Thu, 27 Jun 2019 19:16:04 CDT",https://www.kijiji.ca/v-house-for-sale/winnipeg/800-elmhurst-rd-winnipeg-manitoba/1430565217,-97.2577869,49.8485096,Elmhurst
"159 EAGLE CREEK DR East St Paul, Manitoba",679900.0,"Thu, 27 Jun 2019 19:16:01 CDT",https://www.kijiji.ca/v-house-for-sale/winnipeg/159-eagle-creek-dr-east-st-paul-manitoba/1430565122,-97.03566599999999,49.972157,East ST
"47 Leisure BAY Winnipeg, Manitoba",329900.0,"Thu, 27 Jun 2019 19:16:18 CDT",https://www.kijiji.ca/v-house-for-sale/winnipeg/47-leisure-bay-winnipeg-manitoba/1430565707,-97.2947133,49.8940396,Leisure Bay
"19 Feathertail WAY New Bothwell, Manitoba",239900.0,"Thu, 27 Jun 2019 19:16:18 CDT",https://www.kijiji.ca/v-house-for-sale/winnipeg/19-feathertail-way-new-bothwell-manitoba/1430565709,-96.8932098,49.587263,New Bothwell
"1189 Dominion ST Winnipeg, Manitoba",241000.0,"Thu, 27 Jun 2019 19:16:13 CDT",https://www.kijiji.ca/v-house-for-sale/winnipeg/1189-dominion-st-winnipeg-manitoba/1430565537,-97.1766602,49.9017866,Dominion ST
"5578 Main ST St Andrews, Manitoba",469900.0,"Thu, 27 Jun 2019 19:16:12 CDT",https://www.kijiji.ca/v-house-for-sale/winnipeg/5578-main-st-st-andrews-manitoba/1430565517,-96.9781069,50.0776581,Main ST
"57 Tyler BAY Oakbank, Manitoba",499900.0,"Thu, 27 Jun 2019 19:16:12 CDT",https://www.kijiji.ca/v-house-for-sale/winnipeg/57-tyler-bay-oakbank-manitoba/1430565518,-96.856618,49.9334625,Oakbank
"3 508 Main ST St Adolphe, Manitoba",364900.0,"Thu, 27 Jun 2019 19:16:11 CDT",https://www.kijiji.ca/v-house-for-sale/winnipeg/3-508-main-st-st-adolphe-manitoba/1430565438,-97.1121846,49.676094,Main ST
Lake of the Woods for sale,322900.0,"Thu, 27 Jun 2019 21:12:10 CDT",https://www.kijiji.ca/v-house-for-sale/winnipeg/lake-of-the-woods-for-sale/1443686729,-97.111465,49.802411,Lake of the Woods
FULLY FINISHED 4 BED HOME W/LARGE GARAGE IN NEW BOTHWELL,259900.0,"Thu, 27 Jun 2019 21:32:25 CDT",https://www.kijiji.ca/v-house-for-sale/winnipeg/fully-finished-4-bed-home-w-large-garage-in-new-bothwell/1443689280,-96.8930882,49.58794109999999,New Bothwell
"Beautiful, Newer Crescentwood Duplex! 773 Scotland Ave.",518000.0,"Thu, 27 Jun 2019 23:40:32 CDT",https://www.kijiji.ca/v-house-for-sale/winnipeg/beautiful-newer-crescentwood-duplex-773-scotland-ave/1443700877,-97.2966831,49.8473774,Scotland AVE
"Beautiful, Newer Crescentwood Duplex! 773 Scotland Ave.",518000.0,"Thu, 27 Jun 2019 23:40:32 CDT",https://www.kijiji.ca/v-house-for-sale/winnipeg/beautiful-newer-crescentwood-duplex-773-scotland-ave/1443700877,-97.2966831,49.8473774,Crescentwood
Charming Fort Rogue House! 695 Jubilee Ave.,234695.0,"Fri, 28 Jun 2019 01:47:12 CDT",https://www.kijiji.ca/v-house-for-sale/winnipeg/charming-fort-rogue-house-695-jubilee-ave/1443706916,-97.2966831,49.8473774,Jubilee AVE
Calling all Builders! 116 Imperial Ave.,229900.0,"Fri, 28 Jun 2019 01:51:52 CDT",https://www.kijiji.ca/v-house-for-sale/winnipeg/calling-all-builders-116-imperial-ave/1443707021,-97.2966831,49.8473774,Imperial AVE
River Heights House for Sale! 720 Renfrew St.,479720.0,"Fri, 28 Jun 2019 01:50:15 CDT",https://www.kijiji.ca/v-house-for-sale/winnipeg/river-heights-house-for-sale-720-renfrew-st/1443706988,-97.2966831,49.8473774,Renfrew ST
River Heights House for Sale! 720 Renfrew St.,479720.0,"Fri, 28 Jun 2019 01:50:15 CDT",https://www.kijiji.ca/v-house-for-sale/winnipeg/river-heights-house-for-sale-720-renfrew-st/1443706988,-97.2966831,49.8473774,River Heights
Beautiful Duplex in Crescentwood! 719 Scotland Ave.,515000.0,"Fri, 28 Jun 2019 03:56:43 CDT",https://www.kijiji.ca/v-house-for-sale/winnipeg/beautiful-duplex-in-crescentwood-719-scotland-ave/1443711170,-97.2966831,49.8473774,Scotland AVE
Beautiful Duplex in Crescentwood! 719 Scotland Ave.,515000.0,"Fri, 28 Jun 2019 03:56:43 CDT",https://www.kijiji.ca/v-house-for-sale/winnipeg/beautiful-duplex-in-crescentwood-719-scotland-ave/1443711170,-97.2966831,49.8473774,Crescentwood
"74 Luxton AVE Winnipeg, Manitoba",227900.0,"Fri, 28 Jun 2019 05:06:03 CDT",https://www.kijiji.ca/v-house-for-sale/winnipeg/74-luxton-ave-winnipeg-manitoba/1443710226,-97.11729,49.924058,Luxton AVE
"74 Luxton AVE Winnipeg, Manitoba",227900.0,"Fri, 28 Jun 2019 05:06:03 CDT",https://www.kijiji.ca/v-house-for-sale/winnipeg/74-luxton-ave-winnipeg-manitoba/1443710226,-97.11729,49.924058,Luxton
"40048 PTH52 HWY La Broquerie, Manitoba",439900.0,"Fri, 28 Jun 2019 05:12:04 CDT",https://www.kijiji.ca/v-house-for-sale/winnipeg/40048-pth52-hwy-la-broquerie-manitoba/1443710153,-96.5187875,49.4872704,La Broquerie
"176 GREENTREE DR Grunthal, Manitoba",279900.0,"Fri, 28 Jun 2019 05:24:04 CDT",https://www.kijiji.ca/v-house-for-sale/winnipeg/176-greentree-dr-grunthal-manitoba/1443711166,-96.8619121,49.4027799,Grunthal
"190 Riverview AVE W Dominion City, Manitoba",264900.0,"Fri, 28 Jun 2019 05:36:00 CDT",https://www.kijiji.ca/v-house-for-sale/winnipeg/190-riverview-ave-w-dominion-city-manitoba/1443712270,-97.164991,49.141262,Riverview
"190 Riverview AVE W Dominion City, Manitoba",264900.0,"Fri, 28 Jun 2019 05:36:00 CDT",https://www.kijiji.ca/v-house-for-sale/winnipeg/190-riverview-ave-w-dominion-city-manitoba/1443712270,-97.164991,49.141262,Dominion City
"822 Nottingham AVE Winnipeg, Manitoba",269900.0,"Fri, 28 Jun 2019 05:36:00 CDT",https://www.kijiji.ca/v-house-for-sale/winnipeg/822-nottingham-ave-winnipeg-manitoba/1443710308,-97.0838637,49.9079081,Nottingham AVE
"2178 King Edward ST Winnipeg, Manitoba",339900.0,"Fri, 28 Jun 2019 05:54:02 CDT",https://www.kijiji.ca/v-house-for-sale/winnipeg/2178-king-edward-st-winnipeg-manitoba/1443709958,-97.207217,49.935803,King Edward ST
"2178 King Edward ST Winnipeg, Manitoba",339900.0,"Fri, 28 Jun 2019 05:54:02 CDT",https://www.kijiji.ca/v-house-for-sale/winnipeg/2178-king-edward-st-winnipeg-manitoba/1443709958,-97.207217,49.935803,King Edward
Silver Harbour - 25 Einarson Rd OPEN HOUSE June 29 11 to 1,235000.0,"Fri, 28 Jun 2019 09:00:26 CDT",https://www.kijiji.ca/v-house-for-sale/winnipeg/silver-harbour-25-einarson-rd-open-house-june-29-11-to-1/1431536115,-96.96463849999999,50.809099,Silver
LIVE IN EAGLEMERE ON A CUL-DE-SAC IN A 3 BEDROOM HOME!,424900.0,"Fri, 28 Jun 2019 09:50:45 CDT",https://www.kijiji.ca/v-house-for-sale/winnipeg/live-in-eaglemere-on-a-cul-de-sac-in-a-3-bedroom-home/1443752941,-97.0556132,49.9196515,Eaglemere
WELCOME TO 34 HARROWBY AVENUE,314900.0,"Fri, 28 Jun 2019 10:00:42 CDT",https://www.kijiji.ca/v-house-for-sale/winnipeg/welcome-to-34-harrowby-avenue/1443755262,-97.1087471,49.8661281,Harrowby AVE
WELCOME TO 32 WHIDDEN GATE,479900.0,"Fri, 28 Jun 2019 10:05:50 CDT",https://www.kijiji.ca/v-house-for-sale/winnipeg/welcome-to-32-whidden-gate/1443756333,-97.19427800000001,49.841778,Whidden Gate
WELCOME TO 75 DELLWOOD CRESCENT,224900.0,"Fri, 28 Jun 2019 10:11:15 CDT",https://www.kijiji.ca/v-house-for-sale/winnipeg/welcome-to-75-dellwood-crescent/1443757522,-97.3182561,49.8559645,Dellwood CR
Gorgeous Bi-Level in West Transcona - Jennifer Queen,344900.0,"Fri, 28 Jun 2019 10:42:01 CDT",https://www.kijiji.ca/v-house-for-sale/winnipeg/gorgeous-bi-level-in-west-transcona-jennifer-queen/1443764094,-97.0066339,49.8944489,Transcona
"DREAMING OF OWNING A *BRAND NEW* HM? -257 McAdam Ave, WPG",293900.0,"Fri, 28 Jun 2019 10:51:10 CDT",https://www.kijiji.ca/v-house-for-sale/winnipeg/dreaming-of-owning-a-brand-new-hm-257-mcadam-ave-wpg/1443765967,-97.125018,49.931109,Mcadam AVE
Beautiful 3 bedroom 2 bath River East bungalow,349900.0,"Fri, 28 Jun 2019 10:57:31 CDT",https://www.kijiji.ca/v-house-for-sale/winnipeg/beautiful-3-bedroom-2-bath-river-east-bungalow/1443767322,-97.07542,49.943954,River East
"MX HOMES *BRAND NEW* 3BD HOME! 487 MATHESON AVE, WPG",279900.0,"Fri, 28 Jun 2019 10:56:08 CDT",https://www.kijiji.ca/v-house-for-sale/winnipeg/mx-homes-brand-new-3bd-home-487-matheson-ave-wpg/1443767050,-97.1349199,49.9332345,Matheson AVE
BEST OF BOTH WORLDS! 3BD/2 BATH BUNG- 40 MAIN ST. STONY MOUNTAIN,339500.0,"Fri, 28 Jun 2019 11:20:21 CDT",https://www.kijiji.ca/v-house-for-sale/winnipeg/best-of-both-worlds-3bd-2-bath-bung-40-main-st-stony-mountain/1443771900,-97.2197879,50.0887178,Main ST
BEST OF BOTH WORLDS! 3BD/2 BATH BUNG- 40 MAIN ST. STONY MOUNTAIN,339500.0,"Fri, 28 Jun 2019 11:20:21 CDT",https://www.kijiji.ca/v-house-for-sale/winnipeg/best-of-both-worlds-3bd-2-bath-bung-40-main-st-stony-mountain/1443771900,-97.2197879,50.0887178,Stony Mountain
3 Bedroom Lakefront Cabover in Bridgwater Trails,357049.0,"Fri, 28 Jun 2019 11:56:51 CDT",https://www.kijiji.ca/v-house-for-sale/winnipeg/3-bedroom-lakefront-cabover-in-bridgwater-trails/1443779722,-97.2032298,49.7820533,Bridgwater Trails
"52 MAIN ST Kleefeld, Manitoba",299900.0,"Fri, 28 Jun 2019 12:25:17 CDT",https://www.kijiji.ca/v-house-for-sale/winnipeg/52-main-st-kleefeld-manitoba/1443785196,-96.871917,49.500786,Main ST
"52 MAIN ST Kleefeld, Manitoba",299900.0,"Fri, 28 Jun 2019 12:25:17 CDT",https://www.kijiji.ca/v-house-for-sale/winnipeg/52-main-st-kleefeld-manitoba/1443785196,-96.871917,49.500786,Kleefeld
"12 Main ST Kleefeld, Manitoba",214900.0,"Fri, 28 Jun 2019 19:10:26 CDT",https://www.kijiji.ca/v-house-for-sale/winnipeg/12-main-st-kleefeld-manitoba/1437538192,-96.8718999,49.5020718,Main ST
"12 Main ST Kleefeld, Manitoba",214900.0,"Fri, 28 Jun 2019 19:10:26 CDT",https://www.kijiji.ca/v-house-for-sale/winnipeg/12-main-st-kleefeld-manitoba/1437538192,-96.8718999,49.5020718,Kleefeld
"68 Bannerman AVE Winnipeg, Manitoba",279900.0,"Fri, 28 Jun 2019 19:10:25 CDT",https://www.kijiji.ca/v-house-for-sale/winnipeg/68-bannerman-ave-winnipeg-manitoba/1437538191,-97.1197964,49.9227613,Bannerman AVE
"42126 302 HWY Richer, Manitoba",474900.0,"Fri, 28 Jun 2019 19:16:03 CDT",https://www.kijiji.ca/v-house-for-sale/winnipeg/42126-302-hwy-richer-manitoba/1401244015,-96.44639409999999,49.7165396,Richer
"23101 PR 305 RD Dufferin, Manitoba",219900.0,"Fri, 28 Jun 2019 19:16:00 CDT",https://www.kijiji.ca/v-house-for-sale/winnipeg/23101-pr-305-rd-dufferin-manitoba/1412530210,-98.0179027,49.5915883,Dufferin
931 Main Street,316900.0,"Fri, 28 Jun 2019 19:15:27 CDT",https://www.kijiji.ca/v-house-for-sale/winnipeg/931-main-street/1437544580,-96.646298,49.515971,Main ST
"Homes for Sale in Kleefeld, Manitoba $269,900",269900.0,"Fri, 28 Jun 2019 19:15:20 CDT",https://www.kijiji.ca/v-house-for-sale/winnipeg/homes-for-sale-in-kleefeld-manitoba-269-900/1437544464,-96.7616613333,49.5710980476,Kleefeld
